design_id,source_name,source_url,evidence_date,evidence_status,line_number,material_name_original,size_displayed,quantity_displayed,source_price_displayed,currency,earthward_variant_id,earthward_mapping_status,earthward_cost,earthward_price_input_status,notes
zhulegezhu-design-square-20260714-judiaoriguang,珠了个珠,#小程序://珠了个珠/j4zsMN0DmoU7ZZu,2026-07-14,verified-public,1,白水晶,6mm,6,2.00,CNY,,pending,,,来源详情页显示值；不推断为整串成本。
zhulegezhu-design-square-20260714-judiaoriguang,珠了个珠,#小程序://珠了个珠/j4zsMN0DmoU7ZZu,2026-07-14,verified-public,2,圆珠(钛钢),3mm,20,1.00,CNY,,pending,,,来源详情页显示值；不推断为整串成本。
zhulegezhu-design-square-20260714-judiaoriguang,珠了个珠,#小程序://珠了个珠/j4zsMN0DmoU7ZZu,2026-07-14,verified-public,3,小胖福(沙金),8mm,1,20.00,CNY,,pending,,,来源详情页显示值；不推断为整串成本。
zhulegezhu-design-square-20260714-judiaoriguang,珠了个珠,#小程序://珠了个珠/j4zsMN0DmoU7ZZu,2026-07-14,verified-public,4,金福禄,4mm,1,12.00,CNY,,pending,,,来源详情页显示值；不推断为整串成本。
zhulegezhu-design-square-20260714-judiaoriguang,珠了个珠,#小程序://珠了个珠/j4zsMN0DmoU7ZZu,2026-07-14,verified-public,5,柠檬黄水晶,6mm,10,5.00,CNY,,pending,,,来源详情页显示值；不推断为整串成本。
zhulegezhu-design-square-20260714-judiaoriguang,珠了个珠,#小程序://珠了个珠/j4zsMN0DmoU7ZZu,2026-07-14,verified-public,6,花丝葫芦(沙金),11.3mm,2,20.00,CNY,,pending,,,来源详情页显示值；不推断为整串成本。
zhulegezhu-design-square-20260714-judiaoriguang,珠了个珠,#小程序://珠了个珠/j4zsMN0DmoU7ZZu,2026-07-14,verified-public,7,钱币,5mm,2,10.00,CNY,,pending,,,来源详情页显示值；不推断为整串成本。
zhulegezhu-design-square-20260714-judiaoriguang,珠了个珠,#小程序://珠了个珠/j4zsMN0DmoU7ZZu,2026-07-14,verified-public,8,金虎机,10mm,1,14.00,CNY,,pending,,,来源详情页显示值；不推断为整串成本。
zhulegezhu-design-square-20260714-judiaoriguang,珠了个珠,#小程序://珠了个珠/j4zsMN0DmoU7ZZu,2026-07-14,verified-public,9,招财纳福,12mm,1,20.00,CNY,,pending,,,来源详情页显示值；不推断为整串成本。
zhulegezhu-design-square-20260714-muzhilanqing,珠了个珠,#小程序://珠了个珠/j4zsMN0DmoU7ZZu,2026-07-14,verified-public,1,海蓝宝(水),6mm,1,5.00,CNY,,pending,,,来源详情页显示值；不推断为整串成本。
zhulegezhu-design-square-20260714-muzhilanqing,珠了个珠,#小程序://珠了个珠/j4zsMN0DmoU7ZZu,2026-07-14,verified-public,2,海纹石,10mm,1,69.00,CNY,,pending,,,来源详情页显示值；不推断为整串成本。
zhulegezhu-design-square-20260714-muzhilanqing,珠了个珠,#小程序://珠了个珠/j4zsMN0DmoU7ZZu,2026-07-14,verified-public,3,白水晶跑环,6mm,1,15.00,CNY,,pending,,,来源详情页显示值；不推断为整串成本。
zhulegezhu-design-square-20260714-muzhilanqing,珠了个珠,#小程序://珠了个珠/j4zsMN0DmoU7ZZu,2026-07-14,verified-public,4,隔片,8mm,2,2.50,CNY,,pending,,,来源详情页显示值；不推断为整串成本。
zhulegezhu-design-square-20260714-muzhilanqing,珠了个珠,#小程序://珠了个珠/j4zsMN0DmoU7ZZu,2026-07-14,verified-public,5,沉香,6mm,30,7.00,CNY,,pending,,,来源详情页显示值；不推断为整串成本。
zhulegezhu-design-square-20260714-muzhilanqing,珠了个珠,#小程序://珠了个珠/j4zsMN0DmoU7ZZu,2026-07-14,verified-public,6,羊猴守护神(沙金),12.3mm,1,16.00,CNY,,pending,,,来源详情页显示值；不推断为整串成本。
zhulegezhu-design-square-20260714-jinzhao,珠了个珠,#小程序://珠了个珠/j4zsMN0DmoU7ZZu,2026-07-14,verified-public,1,花丝莲花,10mm,1,20.00,CNY,,pending,,,来源详情页显示值；不推断为整串成本。
zhulegezhu-design-square-20260714-jinzhao,珠了个珠,#小程序://珠了个珠/j4zsMN0DmoU7ZZu,2026-07-14,verified-public,2,圆珠(钛钢),3mm,2,1.00,CNY,,pending,,,来源详情页显示值；不推断为整串成本。
zhulegezhu-design-square-20260714-jinzhao,珠了个珠,#小程序://珠了个珠/j4zsMN0DmoU7ZZu,2026-07-14,verified-public,3,白水晶,8mm,2,4.00,CNY,,pending,,,来源详情页显示值；不推断为整串成本。
zhulegezhu-design-square-20260714-jinzhao,珠了个珠,#小程序://珠了个珠/j4zsMN0DmoU7ZZu,2026-07-14,verified-public,4,钱币,5mm,2,10.00,CNY,,pending,,,来源详情页显示值；不推断为整串成本。
zhulegezhu-design-square-20260714-jinzhao,珠了个珠,#小程序://珠了个珠/j4zsMN0DmoU7ZZu,2026-07-14,verified-public,5,红玛瑙,6mm,2,1.00,CNY,,pending,,,来源详情页显示值；不推断为整串成本。
zhulegezhu-design-square-20260714-jinzhao,珠了个珠,#小程序://珠了个珠/j4zsMN0DmoU7ZZu,2026-07-14,verified-public,6,隔片,6mm,4,2.00,CNY,,pending,,,来源详情页显示值；不推断为整串成本。
zhulegezhu-design-square-20260714-jinzhao,珠了个珠,#小程序://珠了个珠/j4zsMN0DmoU7ZZu,2026-07-14,verified-public,7,白水晶,6mm,2,2.00,CNY,,pending,,,来源详情页显示值；不推断为整串成本。
zhulegezhu-design-square-20260714-jinzhao,珠了个珠,#小程序://珠了个珠/j4zsMN0DmoU7ZZu,2026-07-14,verified-public,8,蜜蜡,8mm,14,38.00,CNY,,pending,,,来源详情页显示值；不推断为整串成本。
zhulegezhu-design-square-20260714-zidingshangan,珠了个珠,#小程序://珠了个珠/j4zsMN0DmoU7ZZu,2026-07-14,verified-public,1,乌拉圭紫水晶,8mm,19,7.00,CNY,,pending,,,来源详情页显示值；不推断为整串成本。
zhulegezhu-design-square-20260714-zidingshangan,珠了个珠,#小程序://珠了个珠/j4zsMN0DmoU7ZZu,2026-07-14,verified-public,2,荷叶隔片,8mm,1,2.00,CNY,,pending,,,来源详情页显示值；不推断为整串成本。
zhulegezhu-design-square-20260714-zidingshangan,珠了个珠,#小程序://珠了个珠/j4zsMN0DmoU7ZZu,2026-07-14,verified-public,3,花托银色,6mm,2,2.00,CNY,,pending,,,来源详情页显示值；不推断为整串成本。
zhulegezhu-design-square-20260714-zidingshangan,珠了个珠,#小程序://珠了个珠/j4zsMN0DmoU7ZZu,2026-07-14,verified-public,4,花托银色,6mm,2,2.00,CNY,,pending,,,来源详情页显示值；不推断为整串成本。
zhulegezhu-design-square-20260714-zidingshangan,珠了个珠,#小程序://珠了个珠/j4zsMN0DmoU7ZZu,2026-07-14,verified-public,5,白水晶,8mm,3,4.00,CNY,,pending,,,来源详情页显示值；不推断为整串成本。
zhulegezhu-design-square-20260714-zidingshangan,珠了个珠,#小程序://珠了个珠/j4zsMN0DmoU7ZZu,2026-07-14,verified-public,6,五瓣花,8mm,1,8.00,CNY,,pending,,,来源详情页显示值；不推断为整串成本。
zhulegezhu-design-square-20260714-jinzhuyingfu,珠了个珠,#小程序://珠了个珠/j4zsMN0DmoU7ZZu,2026-07-14,verified-public,1,锆石隔片,6mm,16,4.00,CNY,,pending,,,来源详情页显示值；不推断为整串成本。
zhulegezhu-design-square-20260714-jinzhuyingfu,珠了个珠,#小程序://珠了个珠/j4zsMN0DmoU7ZZu,2026-07-14,verified-public,2,圆珠(钛钢),8mm,16,3.00,CNY,,pending,,,来源详情页显示值；不推断为整串成本。
zhulegezhu-design-square-20260714-jinzhuyingfu,珠了个珠,#小程序://珠了个珠/j4zsMN0DmoU7ZZu,2026-07-14,verified-public,3,火柴棍,10mm,3,4.50,CNY,,pending,,,来源详情页显示值；不推断为整串成本。
zhulegezhu-design-square-20260714-jinzhuyingfu,珠了个珠,#小程序://珠了个珠/j4zsMN0DmoU7ZZu,2026-07-14,verified-public,4,桃花(沙金),9mm,1,20.00,CNY,,pending,,,来源详情页显示值；不推断为整串成本。
zhulegezhu-design-square-20260714-jinzhuyingfu,珠了个珠,#小程序://珠了个珠/j4zsMN0DmoU7ZZu,2026-07-14,verified-public,5,花丝葫芦(沙金),11.3mm,1,20.00,CNY,,pending,,,来源详情页显示值；不推断为整串成本。
zhulegezhu-design-square-20260714-jinzhuyingfu,珠了个珠,#小程序://珠了个珠/j4zsMN0DmoU7ZZu,2026-07-14,verified-public,6,福字,5mm,1,5.00,CNY,,pending,,,来源详情页显示值；不推断为整串成本。
zhulegezhu-design-square-20260714-chanhui,珠了个珠,#小程序://珠了个珠/j4zsMN0DmoU7ZZu,2026-07-14,verified-public,1,蝴蝶,10mm,2,6.00,CNY,,pending,,,来源详情页显示值；不推断为整串成本。
zhulegezhu-design-square-20260714-chanhui,珠了个珠,#小程序://珠了个珠/j4zsMN0DmoU7ZZu,2026-07-14,verified-public,2,十字架,10mm,2,3.00,CNY,,pending,,,来源详情页显示值；不推断为整串成本。
zhulegezhu-design-square-20260714-chanhui,珠了个珠,#小程序://珠了个珠/j4zsMN0DmoU7ZZu,2026-07-14,verified-public,3,十字架,8mm,4,3.00,CNY,,pending,,,来源详情页显示值；不推断为整串成本。
zhulegezhu-design-square-20260714-chanhui,珠了个珠,#小程序://珠了个珠/j4zsMN0DmoU7ZZu,2026-07-14,verified-public,4,十字架,7mm,1,3.00,CNY,,pending,,,来源详情页显示值；不推断为整串成本。
zhulegezhu-design-square-20260714-chanhui,珠了个珠,#小程序://珠了个珠/j4zsMN0DmoU7ZZu,2026-07-14,verified-public,5,红玛瑙,6mm,12,1.00,CNY,,pending,,,来源详情页显示值；不推断为整串成本。
zhulegezhu-design-square-20260714-chanhui,珠了个珠,#小程序://珠了个珠/j4zsMN0DmoU7ZZu,2026-07-14,verified-public,6,双面莲,8mm,2,3.00,CNY,,pending,,,来源详情页显示值；不推断为整串成本。
zhulegezhu-design-square-20260714-chanhui,珠了个珠,#小程序://珠了个珠/j4zsMN0DmoU7ZZu,2026-07-14,verified-public,7,贝珠,6mm,13,2.00,CNY,,pending,,,来源详情页显示值；不推断为整串成本。
zhulegezhu-design-square-20260714-zhaohelu,珠了个珠,#小程序://珠了个珠/j4zsMN0DmoU7ZZu,2026-07-14,verified-public,1,红玛瑙,8mm,2,1.50,CNY,,pending,,,来源详情页显示值；不推断为整串成本。
zhulegezhu-design-square-20260714-zhaohelu,珠了个珠,#小程序://珠了个珠/j4zsMN0DmoU7ZZu,2026-07-14,verified-public,2,鸽血红草莓晶,8mm,2,9.00,CNY,,pending,,,来源详情页显示值；不推断为整串成本。
zhulegezhu-design-square-20260714-zhaohelu,珠了个珠,#小程序://珠了个珠/j4zsMN0DmoU7ZZu,2026-07-14,verified-public,3,草莓晶,8mm,2,4.00,CNY,,pending,,,来源详情页显示值；不推断为整串成本。
zhulegezhu-design-square-20260714-zhaohelu,珠了个珠,#小程序://珠了个珠/j4zsMN0DmoU7ZZu,2026-07-14,verified-public,4,紫金砂,8mm,2,3.50,CNY,,pending,,,来源详情页显示值；不推断为整串成本。
zhulegezhu-design-square-20260714-zhaohelu,珠了个珠,#小程序://珠了个珠/j4zsMN0DmoU7ZZu,2026-07-14,verified-public,5,蝴蝶,10mm,1,6.00,CNY,,pending,,,来源详情页显示值；不推断为整串成本。
zhulegezhu-design-square-20260714-zhaohelu,珠了个珠,#小程序://珠了个珠/j4zsMN0DmoU7ZZu,2026-07-14,verified-public,6,帝王砂,8mm,2,3.50,CNY,,pending,,,来源详情页显示值；不推断为整串成本。
zhulegezhu-design-square-20260714-zhaohelu,珠了个珠,#小程序://珠了个珠/j4zsMN0DmoU7ZZu,2026-07-14,verified-public,7,流苏,2mm,1,8.00,CNY,,pending,,,来源详情页显示值；不推断为整串成本。
zhulegezhu-design-square-20260714-zhaohelu,珠了个珠,#小程序://珠了个珠/j4zsMN0DmoU7ZZu,2026-07-14,verified-public,8,隔片,6mm,10,2.00,CNY,,pending,,,来源详情页显示值；不推断为整串成本。
zhulegezhu-design-square-20260714-zhaohelu,珠了个珠,#小程序://珠了个珠/j4zsMN0DmoU7ZZu,2026-07-14,verified-public,9,桂花,6mm,4,2.00,CNY,,pending,,,来源详情页显示值；不推断为整串成本。
zhulegezhu-design-square-20260714-zhaohelu,珠了个珠,#小程序://珠了个珠/j4zsMN0DmoU7ZZu,2026-07-14,verified-public,10,贝珠,6mm,8,2.00,CNY,,pending,,,来源详情页显示值；不推断为整串成本。
zhulegezhu-design-square-20260714-zhaohelu,珠了个珠,#小程序://珠了个珠/j4zsMN0DmoU7ZZu,2026-07-14,verified-public,11,铃兰,10mm,1,12.00,CNY,,pending,,,来源详情页显示值；不推断为整串成本。
zhulegezhu-design-square-20260714-fuxinggaozhao,珠了个珠,#小程序://珠了个珠/j4zsMN0DmoU7ZZu,2026-07-14,verified-public,1,紫金砂,8mm,1,3.50,CNY,,pending,,,来源详情页显示值；不推断为整串成本。
zhulegezhu-design-square-20260714-fuxinggaozhao,珠了个珠,#小程序://珠了个珠/j4zsMN0DmoU7ZZu,2026-07-14,verified-public,2,花丝球,8mm,1,8.00,CNY,,pending,,,来源详情页显示值；不推断为整串成本。
zhulegezhu-design-square-20260714-fuxinggaozhao,珠了个珠,#小程序://珠了个珠/j4zsMN0DmoU7ZZu,2026-07-14,verified-public,3,圆珠(钛钢),3mm,15,1.00,CNY,,pending,,,来源详情页显示值；不推断为整串成本。
zhulegezhu-design-square-20260714-fuxinggaozhao,珠了个珠,#小程序://珠了个珠/j4zsMN0DmoU7ZZu,2026-07-14,verified-public,4,招财葫芦,6mm,1,20.00,CNY,,pending,,,来源详情页显示值；不推断为整串成本。
zhulegezhu-design-square-20260714-fuxinggaozhao,珠了个珠,#小程序://珠了个珠/j4zsMN0DmoU7ZZu,2026-07-14,verified-public,5,黑曜石,6mm,17,1.00,CNY,,pending,,,来源详情页显示值；不推断为整串成本。
zhulegezhu-design-square-20260714-fuxinggaozhao,珠了个珠,#小程序://珠了个珠/j4zsMN0DmoU7ZZu,2026-07-14,verified-public,6,兔守护神(沙金),12.3mm,1,16.00,CNY,,pending,,,来源详情页显示值；不推断为整串成本。
zhulegezhu-design-square-20260714-fuxinggaozhao,珠了个珠,#小程序://珠了个珠/j4zsMN0DmoU7ZZu,2026-07-14,verified-public,7,白幽灵,6mm,2,3.00,CNY,,pending,,,来源详情页显示值；不推断为整串成本。
zhulegezhu-design-square-20260714-danning,珠了个珠,#小程序://珠了个珠/j4zsMN0DmoU7ZZu,2026-07-14,verified-public,1,沉香隔片,12mm,6,10.00,CNY,,pending,,,来源详情页显示值；不推断为整串成本。
zhulegezhu-design-square-20260714-danning,珠了个珠,#小程序://珠了个珠/j4zsMN0DmoU7ZZu,2026-07-14,verified-public,2,白水晶冰块,11mm,1,18.00,CNY,,pending,,,来源详情页显示值；不推断为整串成本。
zhulegezhu-design-square-20260714-danning,珠了个珠,#小程序://珠了个珠/j4zsMN0DmoU7ZZu,2026-07-14,verified-public,3,碧玉,4mm,4,12.00,CNY,,pending,,,来源详情页显示值；不推断为整串成本。
zhulegezhu-design-square-20260714-danning,珠了个珠,#小程序://珠了个珠/j4zsMN0DmoU7ZZu,2026-07-14,verified-public,4,桃花(沙金),9mm,1,20.00,CNY,,pending,,,来源详情页显示值；不推断为整串成本。
zhulegezhu-design-square-20260714-danning,珠了个珠,#小程序://珠了个珠/j4zsMN0DmoU7ZZu,2026-07-14,verified-public,5,南红,10mm,12,60.00,CNY,,pending,,,来源详情页显示值；不推断为整串成本。
zhulegezhu-design-square-20260714-yuexu,珠了个珠,#小程序://珠了个珠/j4zsMN0DmoU7ZZu,2026-07-14,verified-public,1,淡水珍珠,8mm,1,28.00,CNY,,pending,,,来源详情页显示值；不推断为整串成本。
zhulegezhu-design-square-20260714-yuexu,珠了个珠,#小程序://珠了个珠/j4zsMN0DmoU7ZZu,2026-07-14,verified-public,2,海纹石,8mm,1,39.00,CNY,,pending,,,来源详情页显示值；不推断为整串成本。
zhulegezhu-design-square-20260714-yuexu,珠了个珠,#小程序://珠了个珠/j4zsMN0DmoU7ZZu,2026-07-14,verified-public,3,蜜蜡,8mm,1,38.00,CNY,,pending,,,来源详情页显示值；不推断为整串成本。
zhulegezhu-design-square-20260714-yuexu,珠了个珠,#小程序://珠了个珠/j4zsMN0DmoU7ZZu,2026-07-14,verified-public,4,隔片,6mm,12,2.00,CNY,,pending,,,来源详情页显示值；不推断为整串成本。
zhulegezhu-design-square-20260714-yuexu,珠了个珠,#小程序://珠了个珠/j4zsMN0DmoU7ZZu,2026-07-14,verified-public,5,青金石,8mm,1,10.00,CNY,,pending,,,来源详情页显示值；不推断为整串成本。
zhulegezhu-design-square-20260714-yuexu,珠了个珠,#小程序://珠了个珠/j4zsMN0DmoU7ZZu,2026-07-14,verified-public,6,碧玉(带黑点),8mm,1,35.00,CNY,,pending,,,来源详情页显示值；不推断为整串成本。
zhulegezhu-design-square-20260714-yuexu,珠了个珠,#小程序://珠了个珠/j4zsMN0DmoU7ZZu,2026-07-14,verified-public,7,白水晶弯管,25mm,6,58.00,CNY,,pending,,,来源详情页显示值；不推断为整串成本。
zhulegezhu-design-square-20260714-yuexu,珠了个珠,#小程序://珠了个珠/j4zsMN0DmoU7ZZu,2026-07-14,verified-public,8,南红,8mm,1,35.00,CNY,,pending,,,来源详情页显示值；不推断为整串成本。
zhulegezhu-design-square-20260714-qingpingle,珠了个珠,#小程序://珠了个珠/j4zsMN0DmoU7ZZu,2026-07-14,verified-public,1,淡水珍珠,8mm,5,28.00,CNY,,pending,,,来源详情页显示值；不推断为整串成本。
zhulegezhu-design-square-20260714-qingpingle,珠了个珠,#小程序://珠了个珠/j4zsMN0DmoU7ZZu,2026-07-14,verified-public,2,淡水珍珠,6mm,4,10.00,CNY,,pending,,,来源详情页显示值；不推断为整串成本。
zhulegezhu-design-square-20260714-qingpingle,珠了个珠,#小程序://珠了个珠/j4zsMN0DmoU7ZZu,2026-07-14,verified-public,3,圆珠(钛钢),3mm,10,1.00,CNY,,pending,,,来源详情页显示值；不推断为整串成本。
zhulegezhu-design-square-20260714-qingpingle,珠了个珠,#小程序://珠了个珠/j4zsMN0DmoU7ZZu,2026-07-14,verified-public,4,绿松石隔珠,6mm,4,4.00,CNY,,pending,,,来源详情页显示值；不推断为整串成本。
zhulegezhu-design-square-20260714-qingpingle,珠了个珠,#小程序://珠了个珠/j4zsMN0DmoU7ZZu,2026-07-14,verified-public,5,贝珠,10mm,3,6.00,CNY,,pending,,,来源详情页显示值；不推断为整串成本。
zhulegezhu-design-square-20260714-qingpingle,珠了个珠,#小程序://珠了个珠/j4zsMN0DmoU7ZZu,2026-07-14,verified-public,6,鸡守护神(沙金),12.3mm,1,16.00,CNY,,pending,,,来源详情页显示值；不推断为整串成本。
zhulegezhu-design-square-20260714-qingpingle,珠了个珠,#小程序://珠了个珠/j4zsMN0DmoU7ZZu,2026-07-14,verified-public,7,花托金色,6mm,5,3.00,CNY,,pending,,,来源详情页显示值；不推断为整串成本。
zhulegezhu-design-square-20260714-qingpingle,珠了个珠,#小程序://珠了个珠/j4zsMN0DmoU7ZZu,2026-07-14,verified-public,8,花托金色,6mm,5,3.00,CNY,,pending,,,来源详情页显示值；不推断为整串成本。
zhulegezhu-design-square-20260714-qingpingle,珠了个珠,#小程序://珠了个珠/j4zsMN0DmoU7ZZu,2026-07-14,verified-public,9,绿松石,8mm,3,5.00,CNY,,pending,,,来源详情页显示值；不推断为整串成本。
zhulegezhu-design-square-20260714-ziqidonglai,珠了个珠,#小程序://珠了个珠/j4zsMN0DmoU7ZZu,2026-07-14,verified-public,1,紫锂辉,8mm,19,8.00,CNY,,pending,,,来源详情页显示值；不推断为整串成本。
zhulegezhu-design-square-20260714-ziqidonglai,珠了个珠,#小程序://珠了个珠/j4zsMN0DmoU7ZZu,2026-07-14,verified-public,2,延长链,25mm,1,8.00,CNY,,pending,,,来源详情页显示值；不推断为整串成本。
zhulegezhu-design-square-20260714-ziqidonglai,珠了个珠,#小程序://珠了个珠/j4zsMN0DmoU7ZZu,2026-07-14,verified-public,3,钱币,5mm,2,10.00,CNY,,pending,,,来源详情页显示值；不推断为整串成本。
zhulegezhu-design-square-20260714-ziqidonglai,珠了个珠,#小程序://珠了个珠/j4zsMN0DmoU7ZZu,2026-07-14,verified-public,4,银珠(S925),6mm,3,24.00,CNY,,pending,,,来源详情页显示值；不推断为整串成本。
zhulegezhu-design-square-20260714-ziqidonglai,珠了个珠,#小程序://珠了个珠/j4zsMN0DmoU7ZZu,2026-07-14,verified-public,5,花托银色,6mm,2,2.00,CNY,,pending,,,来源详情页显示值；不推断为整串成本。
zhulegezhu-design-square-20260714-ziqidonglai,珠了个珠,#小程序://珠了个珠/j4zsMN0DmoU7ZZu,2026-07-14,verified-public,6,花托银色,6mm,2,2.00,CNY,,pending,,,来源详情页显示值；不推断为整串成本。
zhulegezhu-design-square-20260714-ziqidonglai,珠了个珠,#小程序://珠了个珠/j4zsMN0DmoU7ZZu,2026-07-14,verified-public,7,两世欢,10mm,1,25.00,CNY,,pending,,,来源详情页显示值；不推断为整串成本。
zhulegezhu-design-square-20260714-ziqidonglai,珠了个珠,#小程序://珠了个珠/j4zsMN0DmoU7ZZu,2026-07-14,verified-public,8,花丝葫芦(沙金),11.3mm,1,20.00,CNY,,pending,,,来源详情页显示值；不推断为整串成本。
zhulegezhu-design-square-20260714-miaoyupingan,珠了个珠,#小程序://珠了个珠/j4zsMN0DmoU7ZZu,2026-07-14,verified-public,1,银珠(s925),3mm,23,5.00,CNY,,pending,,,来源详情页显示值；不推断为整串成本。
zhulegezhu-design-square-20260714-miaoyupingan,珠了个珠,#小程序://珠了个珠/j4zsMN0DmoU7ZZu,2026-07-14,verified-public,2,圆珠(钛钢),3mm,22,1.00,CNY,,pending,,,来源详情页显示值；不推断为整串成本。
zhulegezhu-design-square-20260714-miaoyupingan,珠了个珠,#小程序://珠了个珠/j4zsMN0DmoU7ZZu,2026-07-14,verified-public,3,银珠(s925),8mm,2,48.00,CNY,,pending,,,来源详情页显示值；不推断为整串成本。
zhulegezhu-design-square-20260714-miaoyupingan,珠了个珠,#小程序://珠了个珠/j4zsMN0DmoU7ZZu,2026-07-14,verified-public,4,桂花,6mm,2,2.00,CNY,,pending,,,来源详情页显示值；不推断为整串成本。
zhulegezhu-design-square-20260714-miaoyupingan,珠了个珠,#小程序://珠了个珠/j4zsMN0DmoU7ZZu,2026-07-14,verified-public,5,大头KT猫(沙金),11.5mm,1,25.00,CNY,,pending,,,来源详情页显示值；不推断为整串成本。
zhulegezhu-design-square-20260714-miaoyupingan,珠了个珠,#小程序://珠了个珠/j4zsMN0DmoU7ZZu,2026-07-14,verified-public,6,平安喜乐,10mm,1,18.00,CNY,,pending,,,来源详情页显示值；不推断为整串成本。
zhulegezhu-design-square-20260714-lvlvlvlv,珠了个珠,#小程序://珠了个珠/j4zsMN0DmoU7ZZu,2026-07-14,verified-public,1,白水晶,6mm,12,2.00,CNY,,pending,,,用户提供的详情截图首屏可见；完整清单待采集。
zhulegezhu-design-square-20260714-lvlvlvlv,珠了个珠,#小程序://珠了个珠/j4zsMN0DmoU7ZZu,2026-07-14,verified-public,2,葫芦链,55mm,1,15.00,CNY,,pending,,,用户提供的详情截图首屏可见；完整清单待采集。
zhulegezhu-design-square-20260714-lvlvlvlv,珠了个珠,#小程序://珠了个珠/j4zsMN0DmoU7ZZu,2026-07-14,verified-public,3,流苏,2mm,1,8.00,CNY,,pending,,,用户提供的详情截图首屏可见；完整清单待采集。
zhulegezhu-design-square-20260714-lvlvlvlv,珠了个珠,#小程序://珠了个珠/j4zsMN0DmoU7ZZu,2026-07-14,verified-public,4,葡萄石,6mm,12,4.00,CNY,,pending,,,用户提供的详情截图首屏可见；完整清单待采集。
zhulegezhu-design-square-20260714-lvlvlvlv,珠了个珠,#小程序://珠了个珠/j4zsMN0DmoU7ZZu,2026-07-14,verified-public,5,绿草莓晶,8mm,6,4.00,CNY,,pending,,,用户提供的详情截图首屏可见；完整清单待采集。
zhulegezhu-design-square-20260714-baguajinlian,珠了个珠,#小程序://珠了个珠/j4zsMN0DmoU7ZZu,2026-07-14,verified-public,1,圆珠(钛钢),3mm,11,1.00,CNY,,pending,,,来源详情页显示值；不推断为整串成本。
zhulegezhu-design-square-20260714-baguajinlian,珠了个珠,#小程序://珠了个珠/j4zsMN0DmoU7ZZu,2026-07-14,verified-public,2,黑曜石,6mm,12,1.00,CNY,,pending,,,来源详情页显示值；不推断为整串成本。
zhulegezhu-design-square-20260714-baguajinlian,珠了个珠,#小程序://珠了个珠/j4zsMN0DmoU7ZZu,2026-07-14,verified-public,3,贝珠,6mm,12,2.00,CNY,,pending,,,来源详情页显示值；不推断为整串成本。
zhulegezhu-design-square-20260714-baguajinlian,珠了个珠,#小程序://珠了个珠/j4zsMN0DmoU7ZZu,2026-07-14,verified-public,4,鼠狗猪守护神(沙金),12.3mm,1,16.00,CNY,,pending,,,来源详情页显示值；不推断为整串成本。
zhulegezhu-design-square-20260714-jinyuliangyuan,珠了个珠,#小程序://珠了个珠/j4zsMN0DmoU7ZZu,2026-07-14,verified-public,1,绣球隔珠,4mm,14,25.00,CNY,,pending,,,来源详情页显示值；不推断为整串成本。
zhulegezhu-design-square-20260714-jinyuliangyuan,珠了个珠,#小程序://珠了个珠/j4zsMN0DmoU7ZZu,2026-07-14,verified-public,2,碧玉(带墨点),8mm,15,35.00,CNY,,pending,,,来源详情页显示值；不推断为整串成本。
zhulegezhu-design-square-20260714-jinyuliangyuan,珠了个珠,#小程序://珠了个珠/j4zsMN0DmoU7ZZu,2026-07-14,verified-public,3,莲花沙金(沙金),12mm,1,15.00,CNY,,pending,,,来源详情页显示值；不推断为整串成本。
zhulegezhu-design-square-20260714-yuanxiang,珠了个珠,#小程序://珠了个珠/j4zsMN0DmoU7ZZu,2026-07-14,verified-public,1,白水晶,8mm,16,4.00,CNY,,pending,,,来源详情页显示值；不推断为整串成本。
zhulegezhu-design-square-20260714-yuanxiang,珠了个珠,#小程序://珠了个珠/j4zsMN0DmoU7ZZu,2026-07-14,verified-public,2,隔片,6mm,6,2.00,CNY,,pending,,,来源详情页显示值；不推断为整串成本。
zhulegezhu-design-square-20260714-yuanxiang,珠了个珠,#小程序://珠了个珠/j4zsMN0DmoU7ZZu,2026-07-14,verified-public,3,沉香隔片,12mm,2,10.00,CNY,,pending,,,来源详情页显示值；不推断为整串成本。
zhulegezhu-design-square-20260714-yuanxiang,珠了个珠,#小程序://珠了个珠/j4zsMN0DmoU7ZZu,2026-07-14,verified-public,4,沉香隔片,11mm,2,10.00,CNY,,pending,,,来源详情页显示值；不推断为整串成本。
zhulegezhu-design-square-20260714-yuanxiang,珠了个珠,#小程序://珠了个珠/j4zsMN0DmoU7ZZu,2026-07-14,verified-public,5,沉香隔片,12mm,4,10.00,CNY,,pending,,,来源详情页显示值；不推断为整串成本。
zhulegezhu-design-square-20260714-tiankongzhijing,珠了个珠,#小程序://珠了个珠/j4zsMN0DmoU7ZZu,2026-07-14,verified-public,1,白水晶,8mm,19,4.00,CNY,,pending,,,来源详情页显示值；不推断为整串成本。
zhulegezhu-design-square-20260714-tiankongzhijing,珠了个珠,#小程序://珠了个珠/j4zsMN0DmoU7ZZu,2026-07-14,verified-public,2,隔片,8mm,4,2.50,CNY,,pending,,,来源详情页显示值；不推断为整串成本。
zhulegezhu-design-square-20260714-tiankongzhijing,珠了个珠,#小程序://珠了个珠/j4zsMN0DmoU7ZZu,2026-07-14,verified-public,3,海蓝宝(润),12mm,1,50.00,CNY,,pending,,,来源详情页显示值；不推断为整串成本。
zhulegezhu-design-square-20260714-niboer,珠了个珠,#小程序://珠了个珠/j4zsMN0DmoU7ZZu,2026-07-14,verified-public,1,白水晶,10mm,14,8.00,CNY,,pending,,,来源详情页显示值；不推断为整串成本。
zhulegezhu-design-square-20260714-niboer,珠了个珠,#小程序://珠了个珠/j4zsMN0DmoU7ZZu,2026-07-14,verified-public,2,隔片,8mm,12,2.50,CNY,,pending,,,来源详情页显示值；不推断为整串成本。
zhulegezhu-design-square-20260714-niboer,珠了个珠,#小程序://珠了个珠/j4zsMN0DmoU7ZZu,2026-07-14,verified-public,3,蓝晶石,8mm,3,16.00,CNY,,pending,,,来源详情页显示值；不推断为整串成本。
zhulegezhu-design-square-20260714-niboer,珠了个珠,#小程序://珠了个珠/j4zsMN0DmoU7ZZu,2026-07-14,verified-public,4,圆珠(钛钢),3mm,2,1.00,CNY,,pending,,,来源详情页显示值；不推断为整串成本。
zhulegezhu-design-square-20260714-niboer,珠了个珠,#小程序://珠了个珠/j4zsMN0DmoU7ZZu,2026-07-14,verified-public,5,恶魔之眼,10mm,1,20.00,CNY,,pending,,,来源详情页显示值；不推断为整串成本。
zhulegezhu-design-square-20260714-fusu,珠了个珠,#小程序://珠了个珠/j4zsMN0DmoU7ZZu,2026-07-14,verified-public,1,沉香隔片,12mm,2,10.00,CNY,,pending,,,来源详情页显示值；不推断为整串成本。
zhulegezhu-design-square-20260714-fusu,珠了个珠,#小程序://珠了个珠/j4zsMN0DmoU7ZZu,2026-07-14,verified-public,2,沉香隔片,12mm,1,10.00,CNY,,pending,,,来源详情页显示值；不推断为整串成本。
zhulegezhu-design-square-20260714-fusu,珠了个珠,#小程序://珠了个珠/j4zsMN0DmoU7ZZu,2026-07-14,verified-public,3,沉香隔片,11mm,1,10.00,CNY,,pending,,,来源详情页显示值；不推断为整串成本。
zhulegezhu-design-square-20260714-fusu,珠了个珠,#小程序://珠了个珠/j4zsMN0DmoU7ZZu,2026-07-14,verified-public,4,绿发晶,12mm,13,18.00,CNY,,pending,,,来源详情页显示值；不推断为整串成本。
zhulegezhu-design-square-20260714-fusu,珠了个珠,#小程序://珠了个珠/j4zsMN0DmoU7ZZu,2026-07-14,verified-public,5,五瓣花,9mm,1,15.00,CNY,,pending,,,来源详情页显示值；不推断为整串成本。
zhulegezhu-design-square-20260714-guihuajiu,珠了个珠,#小程序://珠了个珠/j4zsMN0DmoU7ZZu,2026-07-14,verified-public,1,蜜蜡,8mm,4,38.00,CNY,,pending,,,来源详情页显示值；不推断为整串成本。
zhulegezhu-design-square-20260714-guihuajiu,珠了个珠,#小程序://珠了个珠/j4zsMN0DmoU7ZZu,2026-07-14,verified-public,2,圆珠(钛钢),3mm,16,1.00,CNY,,pending,,,来源详情页显示值；不推断为整串成本。
zhulegezhu-design-square-20260714-guihuajiu,珠了个珠,#小程序://珠了个珠/j4zsMN0DmoU7ZZu,2026-07-14,verified-public,3,桂花,6mm,2,2.00,CNY,,pending,,,来源详情页显示值；不推断为整串成本。
zhulegezhu-design-square-20260714-guihuajiu,珠了个珠,#小程序://珠了个珠/j4zsMN0DmoU7ZZu,2026-07-14,verified-public,4,海蓝宝(水),6mm,1,5.00,CNY,,pending,,,来源详情页显示值；不推断为整串成本。
zhulegezhu-design-square-20260714-ziyouyuai,珠了个珠,#小程序://珠了个珠/j4zsMN0DmoU7ZZu,2026-07-14,verified-public,1,黑曜石,8mm,18,2.00,CNY,,pending,,,来源详情页显示值；不推断为整串成本。
zhulegezhu-design-square-20260714-ziyouyuai,珠了个珠,#小程序://珠了个珠/j4zsMN0DmoU7ZZu,2026-07-14,verified-public,2,十字架,8mm,2,3.00,CNY,,pending,,,来源详情页显示值；不推断为整串成本。
zhulegezhu-design-square-20260714-ziyouyuai,珠了个珠,#小程序://珠了个珠/j4zsMN0DmoU7ZZu,2026-07-14,verified-public,3,隔珠,6mm,2,3.00,CNY,,pending,,,来源详情页显示值；不推断为整串成本。
zhulegezhu-design-square-20260714-ziyouyuai,珠了个珠,#小程序://珠了个珠/j4zsMN0DmoU7ZZu,2026-07-14,verified-public,4,十字架,7mm,1,3.00,CNY,,pending,,,来源详情页显示值；不推断为整串成本。
zhulegezhu-design-square-20260714-ziyouyuai,珠了个珠,#小程序://珠了个珠/j4zsMN0DmoU7ZZu,2026-07-14,verified-public,5,十字架,12mm,1,3.00,CNY,,pending,,,来源详情页显示值；不推断为整串成本。
zhulegezhu-design-square-20260714-huaying,珠了个珠,#小程序://珠了个珠/j4zsMN0DmoU7ZZu,2026-07-14,verified-public,1,青金石,8mm,5,10.00,CNY,,pending,,,来源详情页显示值；不推断为整串成本。
zhulegezhu-design-square-20260714-huaying,珠了个珠,#小程序://珠了个珠/j4zsMN0DmoU7ZZu,2026-07-14,verified-public,2,桂花,6mm,10,2.00,CNY,,pending,,,来源详情页显示值；不推断为整串成本。
zhulegezhu-design-square-20260714-huaying,珠了个珠,#小程序://珠了个珠/j4zsMN0DmoU7ZZu,2026-07-14,verified-public,3,金虎眼,6mm,12,6.00,CNY,,pending,,,来源详情页显示值；不推断为整串成本。
zhulegezhu-design-square-20260714-huaying,珠了个珠,#小程序://珠了个珠/j4zsMN0DmoU7ZZu,2026-07-14,verified-public,4,招财葫芦,6mm,1,20.00,CNY,,pending,,,来源详情页显示值；不推断为整串成本。
zhulegezhu-design-square-20260714-suishuihongfu,珠了个珠,#小程序://珠了个珠/j4zsMN0DmoU7ZZu,2026-07-14,verified-public,1,冰糖雪梨黄水晶,8mm,19,12.00,CNY,,pending,,,来源详情页显示值；不推断为整串成本。
zhulegezhu-design-square-20260714-suishuihongfu,珠了个珠,#小程序://珠了个珠/j4zsMN0DmoU7ZZu,2026-07-14,verified-public,2,绿松石隔珠,6mm,1,4.00,CNY,,pending,,,来源详情页显示值；不推断为整串成本。
zhulegezhu-design-square-20260714-suishuihongfu,珠了个珠,#小程序://珠了个珠/j4zsMN0DmoU7ZZu,2026-07-14,verified-public,3,红玛瑙,6mm,1,1.00,CNY,,pending,,,来源详情页显示值；不推断为整串成本。
zhulegezhu-design-square-20260714-suishuihongfu,珠了个珠,#小程序://珠了个珠/j4zsMN0DmoU7ZZu,2026-07-14,verified-public,4,隔片,6mm,2,2.00,CNY,,pending,,,来源详情页显示值；不推断为整串成本。
zhulegezhu-design-square-20260714-suishuihongfu,珠了个珠,#小程序://珠了个珠/j4zsMN0DmoU7ZZu,2026-07-14,verified-public,5,蜜蜡,8mm,1,38.00,CNY,,pending,,,来源详情页显示值；不推断为整串成本。
zhulegezhu-design-square-20260714-putaoqipao,珠了个珠,#小程序://珠了个珠/j4zsMN0DmoU7ZZu,2026-07-14,verified-public,1,白水晶,14mm,7,20.00,CNY,,pending,,,来源详情页显示值；不推断为整串成本。
zhulegezhu-design-square-20260714-putaoqipao,珠了个珠,#小程序://珠了个珠/j4zsMN0DmoU7ZZu,2026-07-14,verified-public,2,隔片,8mm,14,2.50,CNY,,pending,,,来源详情页显示值；不推断为整串成本。
zhulegezhu-design-square-20260714-putaoqipao,珠了个珠,#小程序://珠了个珠/j4zsMN0DmoU7ZZu,2026-07-14,verified-public,3,巴西紫水晶,6mm,7,6.00,CNY,,pending,,,来源详情页显示值；不推断为整串成本。
zhulegezhu-design-square-20260714-tianzhu,珠了个珠,#小程序://珠了个珠/j4zsMN0DmoU7ZZu,2026-07-14,verified-public,1,天珠,19mm,5,3.00,CNY,,pending,,,来源详情页显示值；不推断为整串成本。
zhulegezhu-design-square-20260714-tianzhu,珠了个珠,#小程序://珠了个珠/j4zsMN0DmoU7ZZu,2026-07-14,verified-public,2,圆珠(钛钢),8mm,15,3.00,CNY,,pending,,,来源详情页显示值；不推断为整串成本。
zhulegezhu-design-square-20260714-jinshi,珠了个珠,#小程序://珠了个珠/j4zsMN0DmoU7ZZu,2026-07-14,verified-public,1,石榴石,5.5mm,29,6.00,CNY,,pending,,,来源详情页显示值；不推断为整串成本。
zhulegezhu-design-square-20260714-jinshi,珠了个珠,#小程序://珠了个珠/j4zsMN0DmoU7ZZu,2026-07-14,verified-public,2,圆珠(钛钢),3mm,4,1.00,CNY,,pending,,,来源详情页显示值；不推断为整串成本。
zhulegezhu-design-square-20260714-jinshi,珠了个珠,#小程序://珠了个珠/j4zsMN0DmoU7ZZu,2026-07-14,verified-public,3,蜜蜡,8mm,1,38.00,CNY,,pending,,,来源详情页显示值；不推断为整串成本。
zhulegezhu-design-square-20260714-jinshi,珠了个珠,#小程序://珠了个珠/j4zsMN0DmoU7ZZu,2026-07-14,verified-public,4,招财葫芦,6mm,1,20.00,CNY,,pending,,,来源详情页显示值；不推断为整串成本。
zhulegezhu-design-square-20260714-jinshi,珠了个珠,#小程序://珠了个珠/j4zsMN0DmoU7ZZu,2026-07-14,verified-public,5,绿松石隔珠,6mm,1,4.00,CNY,,pending,,,来源详情页显示值；不推断为整串成本。
zhulegezhu-design-square-20260714-zhenwo,珠了个珠,#小程序://珠了个珠/j4zsMN0DmoU7ZZu,2026-07-14,verified-public,1,圆珠(钛钢),6mm,8,2.00,CNY,,pending,,,来源详情页显示值；不推断为整串成本。
zhulegezhu-design-square-20260714-zhenwo,珠了个珠,#小程序://珠了个珠/j4zsMN0DmoU7ZZu,2026-07-14,verified-public,2,隔片,8mm,16,2.50,CNY,,pending,,,来源详情页显示值；不推断为整串成本。
zhulegezhu-design-square-20260714-zhenwo,珠了个珠,#小程序://珠了个珠/j4zsMN0DmoU7ZZu,2026-07-14,verified-public,3,南瓜珠,11mm,1,36.00,CNY,,pending,,,来源详情页显示值；不推断为整串成本。
zhulegezhu-design-square-20260714-yinhe,珠了个珠,#小程序://珠了个珠/j4zsMN0DmoU7ZZu,2026-07-14,verified-public,1,贝珠,8mm,11,4.00,CNY,,pending,,,来源详情页显示值；不推断为整串成本。
zhulegezhu-design-square-20260714-yinhe,珠了个珠,#小程序://珠了个珠/j4zsMN0DmoU7ZZu,2026-07-14,verified-public,2,十字架,8mm,10,3.00,CNY,,pending,,,来源详情页显示值；不推断为整串成本。
zhulegezhu-design-square-20260714-yinhe,珠了个珠,#小程序://珠了个珠/j4zsMN0DmoU7ZZu,2026-07-14,verified-public,3,银珠(S925),6mm,2,24.00,CNY,,pending,,,来源详情页显示值；不推断为整串成本。
zhulegezhu-design-square-20260714-yinhe,珠了个珠,#小程序://珠了个珠/j4zsMN0DmoU7ZZu,2026-07-14,verified-public,4,十字架,7mm,1,3.00,CNY,,pending,,,来源详情页显示值；不推断为整串成本。
zhulegezhu-design-square-20260714-haidaozhixin,珠了个珠,#小程序://珠了个珠/j4zsMN0DmoU7ZZu,2026-07-14,verified-public,1,绿松石隔珠,6mm,20,4.00,CNY,,pending,,,来源详情页显示值；不推断为整串成本。
zhulegezhu-design-square-20260714-haidaozhixin,珠了个珠,#小程序://珠了个珠/j4zsMN0DmoU7ZZu,2026-07-14,verified-public,2,圆珠(钛钢),3mm,20,1.00,CNY,,pending,,,来源详情页显示值；不推断为整串成本。
zhulegezhu-design-square-20260714-haidaozhixin,珠了个珠,#小程序://珠了个珠/j4zsMN0DmoU7ZZu,2026-07-14,verified-public,3,锆石隔片,6mm,8,4.00,CNY,,pending,,,来源详情页显示值；不推断为整串成本。
zhulegezhu-design-square-20260714-haidaozhixin,珠了个珠,#小程序://珠了个珠/j4zsMN0DmoU7ZZu,2026-07-14,verified-public,4,恶魔之眼,10mm,1,20.00,CNY,,pending,,,来源详情页显示值；不推断为整串成本。
zhulegezhu-design-square-20260714-haidaozhixin,珠了个珠,#小程序://珠了个珠/j4zsMN0DmoU7ZZu,2026-07-14,verified-public,5,延长链,25mm,1,8.00,CNY,,pending,,,来源详情页显示值；不推断为整串成本。
zhulegezhu-design-square-20260714-huajian,珠了个珠,#小程序://珠了个珠/j4zsMN0DmoU7ZZu,2026-07-14,verified-public,1,白水晶,6mm,7,2.00,CNY,,pending,,,来源详情页显示值；不推断为整串成本。
zhulegezhu-design-square-20260714-huajian,珠了个珠,#小程序://珠了个珠/j4zsMN0DmoU7ZZu,2026-07-14,verified-public,2,锆石隔片,6mm,7,10.00,CNY,,pending,,,来源详情页显示值；不推断为整串成本。
zhulegezhu-design-square-20260714-huajian,珠了个珠,#小程序://珠了个珠/j4zsMN0DmoU7ZZu,2026-07-14,verified-public,3,星光粉水晶,6mm,7,4.00,CNY,,pending,,,来源详情页显示值；不推断为整串成本。
zhulegezhu-design-square-20260714-huajian,珠了个珠,#小程序://珠了个珠/j4zsMN0DmoU7ZZu,2026-07-14,verified-public,4,白水晶,10mm,4,8.00,CNY,,pending,,,来源详情页显示值；不推断为整串成本。
zhulegezhu-design-square-20260714-huajian,珠了个珠,#小程序://珠了个珠/j4zsMN0DmoU7ZZu,2026-07-14,verified-public,5,海蓝宝(水),10mm,4,18.00,CNY,,pending,,,来源详情页显示值；不推断为整串成本。
zhulegezhu-design-square-20260714-mius,珠了个珠,#小程序://珠了个珠/j4zsMN0DmoU7ZZu,2026-07-14,verified-public,1,茶水晶,12mm,2,10.00,CNY,,pending,,,来源详情页显示值；不推断为整串成本。
zhulegezhu-design-square-20260714-mius,珠了个珠,#小程序://珠了个珠/j4zsMN0DmoU7ZZu,2026-07-14,verified-public,2,金曜石,10mm,2,5.00,CNY,,pending,,,来源详情页显示值；不推断为整串成本。
zhulegezhu-design-square-20260714-mius,珠了个珠,#小程序://珠了个珠/j4zsMN0DmoU7ZZu,2026-07-14,verified-public,3,白水晶,12mm,2,15.00,CNY,,pending,,,来源详情页显示值；不推断为整串成本。
zhulegezhu-design-square-20260714-mius,珠了个珠,#小程序://珠了个珠/j4zsMN0DmoU7ZZu,2026-07-14,verified-public,4,黑发晶,10mm,3,18.00,CNY,,pending,,,来源详情页显示值；不推断为整串成本。
zhulegezhu-design-square-20260714-mius,珠了个珠,#小程序://珠了个珠/j4zsMN0DmoU7ZZu,2026-07-14,verified-public,5,金曜石,14mm,2,10.00,CNY,,pending,,,来源详情页显示值；不推断为整串成本。
zhulegezhu-design-square-20260714-haoyunlianlian,珠了个珠,#小程序://珠了个珠/j4zsMN0DmoU7ZZu,2026-07-14,verified-public,1,绿檀,8mm,21,2.00,CNY,,pending,,,来源详情页显示值；不推断为整串成本。
zhulegezhu-design-square-20260714-haoyunlianlian,珠了个珠,#小程序://珠了个珠/j4zsMN0DmoU7ZZu,2026-07-14,verified-public,2,隔片,6mm,2,2.00,CNY,,pending,,,来源详情页显示值；不推断为整串成本。
zhulegezhu-design-square-20260714-haoyunlianlian,珠了个珠,#小程序://珠了个珠/j4zsMN0DmoU7ZZu,2026-07-14,verified-public,3,黄杨木莲花,15mm,1,8.00,CNY,,pending,,,来源详情页显示值；不推断为整串成本。
zhulegezhu-design-square-20260714-jinfu,珠了个珠,#小程序://珠了个珠/j4zsMN0DmoU7ZZu,2026-07-14,verified-public,1,石榴石,5.5mm,52,6.00,CNY,,pending,,,来源详情页显示值；不推断为整串成本。
zhulegezhu-design-square-20260714-jinfu,珠了个珠,#小程序://珠了个珠/j4zsMN0DmoU7ZZu,2026-07-14,verified-public,2,圆珠(钛钢),3mm,4,1.00,CNY,,pending,,,来源详情页显示值；不推断为整串成本。
zhulegezhu-design-square-20260714-jinfu,珠了个珠,#小程序://珠了个珠/j4zsMN0DmoU7ZZu,2026-07-14,verified-public,3,黄塔晶,8mm,2,8.00,CNY,,pending,,,来源详情页显示值；不推断为整串成本。
zhulegezhu-design-square-20260714-jinfu,珠了个珠,#小程序://珠了个珠/j4zsMN0DmoU7ZZu,2026-07-14,verified-public,4,乌拉圭紫水晶,10mm,1,11.00,CNY,,pending,,,来源详情页显示值；不推断为整串成本。
zhulegezhu-design-square-20260714-zhushishunli,珠了个珠,#小程序://珠了个珠/j4zsMN0DmoU7ZZu,2026-07-14,verified-public,1,紫金砂,6mm,25,2.00,CNY,,pending,,,来源详情页显示值；不推断为整串成本。
zhulegezhu-design-square-20260714-zhushishunli,珠了个珠,#小程序://珠了个珠/j4zsMN0DmoU7ZZu,2026-07-14,verified-public,2,圆珠(钛钢),3mm,4,1.00,CNY,,pending,,,来源详情页显示值；不推断为整串成本。
zhulegezhu-design-square-20260714-zhushishunli,珠了个珠,#小程序://珠了个珠/j4zsMN0DmoU7ZZu,2026-07-14,verified-public,3,淡水珍珠,8mm,1,28.00,CNY,,pending,,,来源详情页显示值；不推断为整串成本。
zhulegezhu-design-square-20260714-zhushishunli,珠了个珠,#小程序://珠了个珠/j4zsMN0DmoU7ZZu,2026-07-14,verified-public,4,招财葫芦,6mm,1,20.00,CNY,,pending,,,来源详情页显示值；不推断为整串成本。
zhulegezhu-design-square-20260714-fulu,珠了个珠,#小程序://珠了个珠/j4zsMN0DmoU7ZZu,2026-07-14,verified-public,1,果冻粉水晶,10mm,16,10.00,CNY,,pending,,,来源详情页显示值；不推断为整串成本。
zhulegezhu-design-square-20260714-fulu,珠了个珠,#小程序://珠了个珠/j4zsMN0DmoU7ZZu,2026-07-14,verified-public,2,大漆葫芦粉,20mm,1,88.00,CNY,,pending,,,来源详情页显示值；不推断为整串成本。
zhulegezhu-design-square-20260714-yulinling,珠了个珠,#小程序://珠了个珠/j4zsMN0DmoU7ZZu,2026-07-14,verified-public,1,浅晴水,6mm,20,13.00,CNY,,pending,,,来源详情页显示值；不推断为整串成本。
zhulegezhu-design-square-20260714-yulinling,珠了个珠,#小程序://珠了个珠/j4zsMN0DmoU7ZZu,2026-07-14,verified-public,2,圆珠(钛钢),3mm,4,1.00,CNY,,pending,,,来源详情页显示值；不推断为整串成本。
zhulegezhu-design-square-20260714-yulinling,珠了个珠,#小程序://珠了个珠/j4zsMN0DmoU7ZZu,2026-07-14,verified-public,3,贝珠,8mm,1,4.00,CNY,,pending,,,来源详情页显示值；不推断为整串成本。
zhulegezhu-design-square-20260714-yulinling,珠了个珠,#小程序://珠了个珠/j4zsMN0DmoU7ZZu,2026-07-14,verified-public,4,贝珠,6mm,4,2.00,CNY,,pending,,,来源详情页显示值；不推断为整串成本。
zhulegezhu-design-square-20260714-yulinling,珠了个珠,#小程序://珠了个珠/j4zsMN0DmoU7ZZu,2026-07-14,verified-public,5,铃兰,10mm,1,12.00,CNY,,pending,,,来源详情页显示值；不推断为整串成本。
zhulegezhu-design-square-20260714-guanzizai,珠了个珠,#小程序://珠了个珠/j4zsMN0DmoU7ZZu,2026-07-14,verified-public,1,锆石隔片,6mm,6,4.00,CNY,,pending,,,来源详情页显示值；不推断为整串成本。
zhulegezhu-design-square-20260714-guanzizai,珠了个珠,#小程序://珠了个珠/j4zsMN0DmoU7ZZu,2026-07-14,verified-public,2,黄虎眼直切,6mm,10,3.00,CNY,,pending,,,来源详情页显示值；不推断为整串成本。
zhulegezhu-design-square-20260714-guanzizai,珠了个珠,#小程序://珠了个珠/j4zsMN0DmoU7ZZu,2026-07-14,verified-public,3,百香籽直切,6mm,40,3.00,CNY,,pending,,,来源详情页显示值；不推断为整串成本。
zhulegezhu-design-square-20260714-zhuohua,珠了个珠,#小程序://珠了个珠/j4zsMN0DmoU7ZZu,2026-07-14,verified-public,1,红玛瑙,10mm,15,2.00,CNY,,pending,,,来源详情页显示值；不推断为整串成本。
zhulegezhu-design-square-20260714-zhuohua,珠了个珠,#小程序://珠了个珠/j4zsMN0DmoU7ZZu,2026-07-14,verified-public,2,圆珠(钛钢),3mm,4,1.00,CNY,,pending,,,来源详情页显示值；不推断为整串成本。
zhulegezhu-design-square-20260714-zhuohua,珠了个珠,#小程序://珠了个珠/j4zsMN0DmoU7ZZu,2026-07-14,verified-public,3,莲花沙金(沙金),12mm,1,15.00,CNY,,pending,,,来源详情页显示值；不推断为整串成本。
zhulegezhu-design-square-20260714-zhuohua,珠了个珠,#小程序://珠了个珠/j4zsMN0DmoU7ZZu,2026-07-14,verified-public,4,浅晴水,8mm,2,25.00,CNY,,pending,,,来源详情页显示值；不推断为整串成本。
zhulegezhu-design-square-20260714-zhuohua,珠了个珠,#小程序://珠了个珠/j4zsMN0DmoU7ZZu,2026-07-14,verified-public,5,花托金色,6mm,1,3.00,CNY,,pending,,,来源详情页显示值；不推断为整串成本。
zhulegezhu-design-square-20260714-jiaorenlei,珠了个珠,#小程序://珠了个珠/j4zsMN0DmoU7ZZu,2026-07-14,verified-public,1,白水晶,14mm,1,20.00,CNY,,pending,,,来源详情页显示值；不推断为整串成本。
zhulegezhu-design-square-20260714-jiaorenlei,珠了个珠,#小程序://珠了个珠/j4zsMN0DmoU7ZZu,2026-07-14,verified-public,2,荷叶隔片,8mm,2,2.00,CNY,,pending,,,来源详情页显示值；不推断为整串成本。
zhulegezhu-design-square-20260714-jiaorenlei,珠了个珠,#小程序://珠了个珠/j4zsMN0DmoU7ZZu,2026-07-14,verified-public,3,葡萄石,8mm,4,7.00,CNY,,pending,,,来源详情页显示值；不推断为整串成本。
zhulegezhu-design-square-20260714-jiaorenlei,珠了个珠,#小程序://珠了个珠/j4zsMN0DmoU7ZZu,2026-07-14,verified-public,4,海蓝宝(水),8mm,8,10.00,CNY,,pending,,,来源详情页显示值；不推断为整串成本。
zhulegezhu-design-square-20260714-jiaorenlei,珠了个珠,#小程序://珠了个珠/j4zsMN0DmoU7ZZu,2026-07-14,verified-public,5,绿碧石,8mm,2,8.00,CNY,,pending,,,来源详情页显示值；不推断为整串成本。
zhulegezhu-design-square-20260714-jiaorenlei,珠了个珠,#小程序://珠了个珠/j4zsMN0DmoU7ZZu,2026-07-14,verified-public,6,花托银色,6mm,2,2.00,CNY,,pending,,,来源详情页显示值；不推断为整串成本。
zhulegezhu-design-square-20260714-qingchuanbiyu,珠了个珠,#小程序://珠了个珠/j4zsMN0DmoU7ZZu,2026-07-14,verified-public,1,火柴棍,10mm,2,4.50,CNY,,pending,,,来源详情页显示值；不推断为整串成本。
zhulegezhu-design-square-20260714-qingchuanbiyu,珠了个珠,#小程序://珠了个珠/j4zsMN0DmoU7ZZu,2026-07-14,verified-public,2,碧玉（有黑点）,8mm,10,35.00,CNY,,pending,,,来源详情页显示值；不推断为整串成本。
zhulegezhu-design-square-20260714-qingchuanbiyu,珠了个珠,#小程序://珠了个珠/j4zsMN0DmoU7ZZu,2026-07-14,verified-public,3,浅晴水,6mm,11,13.00,CNY,,pending,,,来源详情页显示值；不推断为整串成本。
zhulegezhu-design-square-20260714-qingchuanbiyu,珠了个珠,#小程序://珠了个珠/j4zsMN0DmoU7ZZu,2026-07-14,verified-public,4,花丝葫芦(沙金),11.3mm,1,20.00,CNY,,pending,,,来源详情页显示值；不推断为整串成本。
zhulegezhu-design-square-20260714-qingchuanbiyu,珠了个珠,#小程序://珠了个珠/j4zsMN0DmoU7ZZu,2026-07-14,verified-public,5,福字,5mm,1,5.00,CNY,,pending,,,来源详情页显示值；不推断为整串成本。
zhulegezhu-design-square-20260714-lansedemeng,珠了个珠,#小程序://珠了个珠/j4zsMN0DmoU7ZZu,2026-07-14,verified-public,1,圆珠(钛钢),8mm,1,3.00,CNY,,pending,,,来源详情页显示值；不推断为整串成本。
zhulegezhu-design-square-20260714-lansedemeng,珠了个珠,#小程序://珠了个珠/j4zsMN0DmoU7ZZu,2026-07-14,verified-public,2,蜜蜡,8mm,1,38.00,CNY,,pending,,,来源详情页显示值；不推断为整串成本。
zhulegezhu-design-square-20260714-lansedemeng,珠了个珠,#小程序://珠了个珠/j4zsMN0DmoU7ZZu,2026-07-14,verified-public,3,珍珠跑环,6mm,1,58.00,CNY,,pending,,,来源详情页显示值；不推断为整串成本。
zhulegezhu-design-square-20260714-lansedemeng,珠了个珠,#小程序://珠了个珠/j4zsMN0DmoU7ZZu,2026-07-14,verified-public,4,招财葫芦,6mm,1,20.00,CNY,,pending,,,来源详情页显示值；不推断为整串成本。
zhulegezhu-design-square-20260714-lansedemeng,珠了个珠,#小程序://珠了个珠/j4zsMN0DmoU7ZZu,2026-07-14,verified-public,5,葫芦魔盒,12mm,1,10.00,CNY,,pending,,,来源详情页显示值；不推断为整串成本。
zhulegezhu-design-square-20260714-lansedemeng,珠了个珠,#小程序://珠了个珠/j4zsMN0DmoU7ZZu,2026-07-14,verified-public,6,花托银色,6mm,1,2.00,CNY,,pending,,,来源详情页显示值；不推断为整串成本。
zhulegezhu-design-square-20260714-baoheqingningcha,珠了个珠,#小程序://珠了个珠/j4zsMN0DmoU7ZZu,2026-07-14,verified-public,1,绿碧石,8mm,2,8.00,CNY,,pending,,,来源详情页显示值；不推断为整串成本。
zhulegezhu-design-square-20260714-baoheqingningcha,珠了个珠,#小程序://珠了个珠/j4zsMN0DmoU7ZZu,2026-07-14,verified-public,2,白水晶,6mm,2,2.00,CNY,,pending,,,来源详情页显示值；不推断为整串成本。
zhulegezhu-design-square-20260714-baoheqingningcha,珠了个珠,#小程序://珠了个珠/j4zsMN0DmoU7ZZu,2026-07-14,verified-public,3,青提岫玉,8mm,1,6.00,CNY,,pending,,,来源详情页显示值；不推断为整串成本。
zhulegezhu-design-square-20260714-baoheqingningcha,珠了个珠,#小程序://珠了个珠/j4zsMN0DmoU7ZZu,2026-07-14,verified-public,4,五瓣花,8mm,2,8.00,CNY,,pending,,,来源详情页显示值；不推断为整串成本。
zhulegezhu-design-square-20260714-baoheqingningcha,珠了个珠,#小程序://珠了个珠/j4zsMN0DmoU7ZZu,2026-07-14,verified-public,5,银珠(S925),3mm,6,5.00,CNY,,pending,,,来源详情页显示值；不推断为整串成本。
zhulegezhu-design-square-20260714-tianxinboluo,珠了个珠,#小程序://珠了个珠/j4zsMN0DmoU7ZZu,2026-07-14,verified-public,1,白水晶,8mm,4,4.00,CNY,,pending,,,来源详情页显示值；不推断为整串成本。
zhulegezhu-design-square-20260714-tianxinboluo,珠了个珠,#小程序://珠了个珠/j4zsMN0DmoU7ZZu,2026-07-14,verified-public,2,柠檬黄水晶,8mm,4,8.00,CNY,,pending,,,来源详情页显示值；不推断为整串成本。
zhulegezhu-design-square-20260714-tianxinboluo,珠了个珠,#小程序://珠了个珠/j4zsMN0DmoU7ZZu,2026-07-14,verified-public,3,冰糖雪梨黄水晶,8mm,4,12.00,CNY,,pending,,,来源详情页显示值；不推断为整串成本。
zhulegezhu-design-square-20260714-tianxinboluo,珠了个珠,#小程序://珠了个珠/j4zsMN0DmoU7ZZu,2026-07-14,verified-public,4,金发晶,8mm,3,18.00,CNY,,pending,,,来源详情页显示值；不推断为整串成本。
zhulegezhu-design-square-20260714-tianxinboluo,珠了个珠,#小程序://珠了个珠/j4zsMN0DmoU7ZZu,2026-07-14,verified-public,5,黄胶花,8mm,3,6.00,CNY,,pending,,,来源详情页显示值；不推断为整串成本。
zhulegezhu-design-square-20260714-shouhu108,珠了个珠,#小程序://珠了个珠/j4zsMN0DmoU7ZZu,2026-07-14,verified-public,1,果冻粉水晶,8mm,2,7.00,CNY,,pending,,,来源详情页显示值；不推断为整串成本。
zhulegezhu-design-square-20260714-shouhu108,珠了个珠,#小程序://珠了个珠/j4zsMN0DmoU7ZZu,2026-07-14,verified-public,2,果冻粉水晶,10mm,1,10.00,CNY,,pending,,,来源详情页显示值；不推断为整串成本。
zhulegezhu-design-square-20260714-shouhu108,珠了个珠,#小程序://珠了个珠/j4zsMN0DmoU7ZZu,2026-07-14,verified-public,3,白水晶,6mm,6,2.00,CNY,,pending,,,来源详情页显示值；不推断为整串成本。
zhulegezhu-design-square-20260714-shouhu108,珠了个珠,#小程序://珠了个珠/j4zsMN0DmoU7ZZu,2026-07-14,verified-public,4,隔片,6mm,12,2.00,CNY,,pending,,,来源详情页显示值；不推断为整串成本。
zhulegezhu-design-square-20260714-shouhu108,珠了个珠,#小程序://珠了个珠/j4zsMN0DmoU7ZZu,2026-07-14,verified-public,5,兔守护神(沙金),12.3mm,1,16.00,CNY,,pending,,,来源详情页显示值；不推断为整串成本。
zhulegezhu-design-square-20260714-shouhu108,珠了个珠,#小程序://珠了个珠/j4zsMN0DmoU7ZZu,2026-07-14,verified-public,6,绿松石,6mm,102,3.00,CNY,,pending,,,来源详情页显示值；不推断为整串成本。
zhulegezhu-design-square-20260714-zhuluxiaojin108,珠了个珠,#小程序://珠了个珠/j4zsMN0DmoU7ZZu,2026-07-14,verified-public,1,碧玉,4mm,102,12.00,CNY,,pending,,,来源详情页显示值；不推断为整串成本。
zhulegezhu-design-square-20260714-zhuluxiaojin108,珠了个珠,#小程序://珠了个珠/j4zsMN0DmoU7ZZu,2026-07-14,verified-public,2,浅晴水,6mm,6,13.00,CNY,,pending,,,来源详情页显示值；不推断为整串成本。
zhulegezhu-design-square-20260714-zhuluxiaojin108,珠了个珠,#小程序://珠了个珠/j4zsMN0DmoU7ZZu,2026-07-14,verified-public,3,莲花沙金(沙金),12mm,1,15.00,CNY,,pending,,,来源详情页显示值；不推断为整串成本。
zhulegezhu-design-square-20260714-zhuluxiaojin108,珠了个珠,#小程序://珠了个珠/j4zsMN0DmoU7ZZu,2026-07-14,verified-public,4,花丝莲花,10mm,1,20.00,CNY,,pending,,,来源详情页显示值；不推断为整串成本。
zhulegezhu-design-square-20260714-zhuluxiaojin108,珠了个珠,#小程序://珠了个珠/j4zsMN0DmoU7ZZu,2026-07-14,verified-public,5,金福禄,4mm,2,12.00,CNY,,pending,,,来源详情页显示值；不推断为整串成本。
zhulegezhu-design-square-20260714-xuwowuyou,珠了个珠,#小程序://珠了个珠/j4zsMN0DmoU7ZZu,2026-07-14,verified-public,1,金曜石,10mm,1,5.00,CNY,,pending,,,来源详情页显示值；不推断为整串成本。
zhulegezhu-design-square-20260714-xuwowuyou,珠了个珠,#小程序://珠了个珠/j4zsMN0DmoU7ZZu,2026-07-14,verified-public,2,海蓝宝(润),10mm,1,30.00,CNY,,pending,,,来源详情页显示值；不推断为整串成本。
zhulegezhu-design-square-20260714-xuwowuyou,珠了个珠,#小程序://珠了个珠/j4zsMN0DmoU7ZZu,2026-07-14,verified-public,3,星光粉水晶,10mm,1,12.00,CNY,,pending,,,来源详情页显示值；不推断为整串成本。
zhulegezhu-design-square-20260714-dongfangjibai,珠了个珠,#小程序://珠了个珠/j4zsMN0DmoU7ZZu,2026-07-14,verified-public,1,隔片,8mm,10,2.50,CNY,,pending,,,来源详情页显示值；不推断为整串成本。
zhulegezhu-design-square-20260714-dongfangjibai,珠了个珠,#小程序://珠了个珠/j4zsMN0DmoU7ZZu,2026-07-14,verified-public,2,青金石,6mm,5,6.00,CNY,,pending,,,来源详情页显示值；不推断为整串成本。
zhulegezhu-design-square-20260714-dongfangjibai,珠了个珠,#小程序://珠了个珠/j4zsMN0DmoU7ZZu,2026-07-14,verified-public,3,贝珠,6mm,25,2.00,CNY,,pending,,,来源详情页显示值；不推断为整串成本。
zhulegezhu-design-square-20260714-xuanshuangxu,珠了个珠,#小程序://珠了个珠/j4zsMN0DmoU7ZZu,2026-07-14,verified-public,1,黑曜石,8mm,6,2.00,CNY,,pending,,,来源详情页显示值；不推断为整串成本。
zhulegezhu-design-square-20260714-xuanshuangxu,珠了个珠,#小程序://珠了个珠/j4zsMN0DmoU7ZZu,2026-07-14,verified-public,2,银曜石,8mm,6,4.00,CNY,,pending,,,来源详情页显示值；不推断为整串成本。
zhulegezhu-design-square-20260714-xuanshuangxu,珠了个珠,#小程序://珠了个珠/j4zsMN0DmoU7ZZu,2026-07-14,verified-public,3,锆石隔片,6mm,3,10.00,CNY,,pending,,,来源详情页显示值；不推断为整串成本。
zhulegezhu-design-square-20260714-xuanshuangxu,珠了个珠,#小程序://珠了个珠/j4zsMN0DmoU7ZZu,2026-07-14,verified-public,4,贝珠跑环,6mm,1,12.00,CNY,,pending,,,来源详情页显示值；不推断为整串成本。
zhulegezhu-design-square-20260714-xuanshuangxu,珠了个珠,#小程序://珠了个珠/j4zsMN0DmoU7ZZu,2026-07-14,verified-public,5,白水晶,8mm,2,4.00,CNY,,pending,,,来源详情页显示值；不推断为整串成本。
zhulegezhu-design-square-20260714-xuanshuangxu,珠了个珠,#小程序://珠了个珠/j4zsMN0DmoU7ZZu,2026-07-14,verified-public,6,贝珠,8mm,4,4.00,CNY,,pending,,,来源详情页显示值；不推断为整串成本。
zhulegezhu-design-square-20260714-xuanshuangxu,珠了个珠,#小程序://珠了个珠/j4zsMN0DmoU7ZZu,2026-07-14,verified-public,7,葫芦链,55mm,1,15.00,CNY,,pending,,,来源详情页显示值；不推断为整串成本。
zhulegezhu-design-square-20260714-xuanshuangxu,珠了个珠,#小程序://珠了个珠/j4zsMN0DmoU7ZZu,2026-07-14,verified-public,8,雪花水晶,14mm,1,18.00,CNY,,pending,,,来源详情页显示值；不推断为整串成本。
zhulegezhu-design-square-20260714-jinriyinafu,珠了个珠,#小程序://珠了个珠/j4zsMN0DmoU7ZZu,2026-07-14,verified-public,1,圆珠(钛钢),3mm,4,1.00,CNY,,pending,,,来源详情页显示值；不推断为整串成本。
zhulegezhu-design-square-20260714-jinriyinafu,珠了个珠,#小程序://珠了个珠/j4zsMN0DmoU7ZZu,2026-07-14,verified-public,2,碧玉（有黑点）,8mm,1,35.00,CNY,,pending,,,来源详情页显示值；不推断为整串成本。
zhulegezhu-design-square-20260714-jinriyinafu,珠了个珠,#小程序://珠了个珠/j4zsMN0DmoU7ZZu,2026-07-14,verified-public,3,淡水珍珠,8mm,10,28.00,CNY,,pending,,,来源详情页显示值；不推断为整串成本。
zhulegezhu-design-square-20260714-jinriyinafu,珠了个珠,#小程序://珠了个珠/j4zsMN0DmoU7ZZu,2026-07-14,verified-public,4,锆石隔片,6mm,4,4.00,CNY,,pending,,,来源详情页显示值；不推断为整串成本。
zhulegezhu-design-square-20260714-jinriyinafu,珠了个珠,#小程序://珠了个珠/j4zsMN0DmoU7ZZu,2026-07-14,verified-public,5,老山檀(沉水),8mm,8,28.00,CNY,,pending,,,来源详情页显示值；不推断为整串成本。
zhulegezhu-design-square-20260714-bayue,珠了个珠,#小程序://珠了个珠/j4zsMN0DmoU7ZZu,2026-07-14,verified-public,1,鸽血红草莓晶,8mm,8,9.00,CNY,,pending,,,来源详情页显示值；不推断为整串成本。
zhulegezhu-design-square-20260714-bayue,珠了个珠,#小程序://珠了个珠/j4zsMN0DmoU7ZZu,2026-07-14,verified-public,2,金曜石,14mm,1,10.00,CNY,,pending,,,来源详情页显示值；不推断为整串成本。
zhulegezhu-design-square-20260714-bayue,珠了个珠,#小程序://珠了个珠/j4zsMN0DmoU7ZZu,2026-07-14,verified-public,3,淡水珍珠,6mm,6,10.00,CNY,,pending,,,来源详情页显示值；不推断为整串成本。
zhulegezhu-design-square-20260714-bayue,珠了个珠,#小程序://珠了个珠/j4zsMN0DmoU7ZZu,2026-07-14,verified-public,4,转经筒,10mm,1,18.00,CNY,,pending,,,来源详情页显示值；不推断为整串成本。
zhulegezhu-design-square-20260714-bayue,珠了个珠,#小程序://珠了个珠/j4zsMN0DmoU7ZZu,2026-07-14,verified-public,5,羊猴守护神(沙金),12.3mm,1,16.00,CNY,,pending,,,来源详情页显示值；不推断为整串成本。
zhulegezhu-design-square-20260714-shuzui,珠了个珠,#小程序://珠了个珠/j4zsMN0DmoU7ZZu,2026-07-14,verified-public,1,淡水珍珠,6mm,4,10.00,CNY,,pending,,,来源详情页显示值；不推断为整串成本。
zhulegezhu-design-square-20260714-shuzui,珠了个珠,#小程序://珠了个珠/j4zsMN0DmoU7ZZu,2026-07-14,verified-public,2,石榴石,8mm,3,10.00,CNY,,pending,,,来源详情页显示值；不推断为整串成本。
zhulegezhu-design-square-20260714-shuzui,珠了个珠,#小程序://珠了个珠/j4zsMN0DmoU7ZZu,2026-07-14,verified-public,3,石榴石,5.5mm,4,6.00,CNY,,pending,,,来源详情页显示值；不推断为整串成本。
zhulegezhu-design-square-20260714-shuzui,珠了个珠,#小程序://珠了个珠/j4zsMN0DmoU7ZZu,2026-07-14,verified-public,4,缠绕隔珠,9mm,2,5.00,CNY,,pending,,,来源详情页显示值；不推断为整串成本。
zhulegezhu-design-square-20260714-shuzui,珠了个珠,#小程序://珠了个珠/j4zsMN0DmoU7ZZu,2026-07-14,verified-public,5,十字架,12mm,1,3.00,CNY,,pending,,,来源详情页显示值；不推断为整串成本。
zhulegezhu-design-square-20260714-ganjue,珠了个珠,#小程序://珠了个珠/j4zsMN0DmoU7ZZu,2026-07-14,verified-public,1,黑曜石,10mm,4,3.00,CNY,,pending,,,来源详情页显示值；不推断为整串成本。
zhulegezhu-design-square-20260714-ganjue,珠了个珠,#小程序://珠了个珠/j4zsMN0DmoU7ZZu,2026-07-14,verified-public,2,花丝球,8mm,2,6.00,CNY,,pending,,,来源详情页显示值；不推断为整串成本。
zhulegezhu-design-square-20260714-ganjue,珠了个珠,#小程序://珠了个珠/j4zsMN0DmoU7ZZu,2026-07-14,verified-public,3,锆石隔珠,8mm,4,5.00,CNY,,pending,,,来源详情页显示值；不推断为整串成本。
zhulegezhu-design-square-20260714-ganjue,珠了个珠,#小程序://珠了个珠/j4zsMN0DmoU7ZZu,2026-07-14,verified-public,4,贝珠,10mm,4,6.00,CNY,,pending,,,来源详情页显示值；不推断为整串成本。
zhulegezhu-design-square-20260714-ganjue,珠了个珠,#小程序://珠了个珠/j4zsMN0DmoU7ZZu,2026-07-14,verified-public,5,醒狮,10mm,4,3.00,CNY,,pending,,,来源详情页显示值；不推断为整串成本。
zhulegezhu-design-square-20260714-ganjue,珠了个珠,#小程序://珠了个珠/j4zsMN0DmoU7ZZu,2026-07-14,verified-public,6,延长链,25mm,2,8.00,CNY,,pending,,,来源详情页显示值；不推断为整串成本。
zhulegezhu-design-square-20260714-qingjianyue,珠了个珠,#小程序://珠了个珠/j4zsMN0DmoU7ZZu,2026-07-14,verified-public,1,白水晶,6mm,20,2.00,CNY,,pending,,,来源详情页显示值；不推断为整串成本。
zhulegezhu-design-square-20260714-qingjianyue,珠了个珠,#小程序://珠了个珠/j4zsMN0DmoU7ZZu,2026-07-14,verified-public,2,碧玉,4mm,2,12.00,CNY,,pending,,,来源详情页显示值；不推断为整串成本。
zhulegezhu-design-square-20260714-qingjianyue,珠了个珠,#小程序://珠了个珠/j4zsMN0DmoU7ZZu,2026-07-14,verified-public,3,和田玉浅晴水,6mm,6,13.00,CNY,,pending,,,来源详情页显示值；不推断为整串成本。
zhulegezhu-design-square-20260714-qingjianyue,珠了个珠,#小程序://珠了个珠/j4zsMN0DmoU7ZZu,2026-07-14,verified-public,4,和田玉浅晴水,8mm,1,25.00,CNY,,pending,,,来源详情页显示值；不推断为整串成本。
zhulegezhu-design-square-20260714-qingjianyue,珠了个珠,#小程序://珠了个珠/j4zsMN0DmoU7ZZu,2026-07-14,verified-public,5,蓝水翡翠,6mm,1,14.00,CNY,,pending,,,来源详情页显示值；不推断为整串成本。
zhulegezhu-design-square-20260714-qingjianyue,珠了个珠,#小程序://珠了个珠/j4zsMN0DmoU7ZZu,2026-07-14,verified-public,6,碧玉,6mm,1,24.00,CNY,,pending,,,来源详情页显示值；不推断为整串成本。
zhulegezhu-design-square-20260714-qingjianyue,珠了个珠,#小程序://珠了个珠/j4zsMN0DmoU7ZZu,2026-07-14,verified-public,7,和田玉跑环,16mm,1,69.00,CNY,,pending,,,来源详情页显示值；不推断为整串成本。
zhulegezhu-design-square-20260714-wuhuan,珠了个珠,#小程序://珠了个珠/j4zsMN0DmoU7ZZu,2026-07-14,verified-public,1,猴头老型珠,10mm,20,8.00,CNY,,pending,,,来源详情页显示值；不推断为整串成本。
zhulegezhu-design-square-20260714-wuhuan,珠了个珠,#小程序://珠了个珠/j4zsMN0DmoU7ZZu,2026-07-14,verified-public,2,祥云跑环,13mm,1,6.00,CNY,,pending,,,来源详情页显示值；不推断为整串成本。
zhulegezhu-design-square-20260714-wuhuan,珠了个珠,#小程序://珠了个珠/j4zsMN0DmoU7ZZu,2026-07-14,verified-public,3,蜜蜡老型珠 副本,11mm,1,150.00,CNY,,pending,,,来源详情页显示值；不推断为整串成本。
zhulegezhu-design-square-20260714-putixin,珠了个珠,#小程序://珠了个珠/j4zsMN0DmoU7ZZu,2026-07-14,verified-public,1,隔片,6mm,22,2.00,CNY,,pending,,,来源详情页显示值；不推断为整串成本。
zhulegezhu-design-square-20260714-putixin,珠了个珠,#小程序://珠了个珠/j4zsMN0DmoU7ZZu,2026-07-14,verified-public,2,星月菩提,8mm,22,5.00,CNY,,pending,,,来源详情页显示值；不推断为整串成本。
zhulegezhu-design-square-20260714-junjing,珠了个珠,#小程序://珠了个珠/j4zsMN0DmoU7ZZu,2026-07-14,verified-public,1,果冻粉水晶,10mm,1,10.00,CNY,,pending,,,来源详情页显示值；不推断为整串成本。
zhulegezhu-design-square-20260714-junjing,珠了个珠,#小程序://珠了个珠/j4zsMN0DmoU7ZZu,2026-07-14,verified-public,2,蓝月光,6mm,2,6.00,CNY,,pending,,,来源详情页显示值；不推断为整串成本。
zhulegezhu-design-square-20260714-junjing,珠了个珠,#小程序://珠了个珠/j4zsMN0DmoU7ZZu,2026-07-14,verified-public,3,锆石隔片,8mm,2,5.00,CNY,,pending,,,来源详情页显示值；不推断为整串成本。
zhulegezhu-design-square-20260714-junjing,珠了个珠,#小程序://珠了个珠/j4zsMN0DmoU7ZZu,2026-07-14,verified-public,4,圆珠(钛钢),3mm,33,1.00,CNY,,pending,,,来源详情页显示值；不推断为整串成本。
zhulegezhu-design-square-20260714-junjing,珠了个珠,#小程序://珠了个珠/j4zsMN0DmoU7ZZu,2026-07-14,verified-public,5,隔片,8mm,2,2.50,CNY,,pending,,,来源详情页显示值；不推断为整串成本。
zhulegezhu-design-square-20260714-junjing,珠了个珠,#小程序://珠了个珠/j4zsMN0DmoU7ZZu,2026-07-14,verified-public,6,红玛瑙,6mm,6,1.00,CNY,,pending,,,来源详情页显示值；不推断为整串成本。
zhulegezhu-design-square-20260714-duobaxingqiu,珠了个珠,#小程序://珠了个珠/j4zsMN0DmoU7ZZu,2026-07-14,verified-public,1,葡萄石,9.5mm,2,12.00,CNY,,pending,,,来源详情页显示值；不推断为整串成本。
zhulegezhu-design-square-20260714-duobaxingqiu,珠了个珠,#小程序://珠了个珠/j4zsMN0DmoU7ZZu,2026-07-14,verified-public,2,星光粉水晶,10mm,2,12.00,CNY,,pending,,,来源详情页显示值；不推断为整串成本。
zhulegezhu-design-square-20260714-duobaxingqiu,珠了个珠,#小程序://珠了个珠/j4zsMN0DmoU7ZZu,2026-07-14,verified-public,3,果冻粉水晶,10mm,2,10.00,CNY,,pending,,,来源详情页显示值；不推断为整串成本。
zhulegezhu-design-square-20260714-duobaxingqiu,珠了个珠,#小程序://珠了个珠/j4zsMN0DmoU7ZZu,2026-07-14,verified-public,4,蓝月光,10mm,2,25.00,CNY,,pending,,,来源详情页显示值；不推断为整串成本。
zhulegezhu-design-square-20260714-duobaxingqiu,珠了个珠,#小程序://珠了个珠/j4zsMN0DmoU7ZZu,2026-07-14,verified-public,5,冰糖雪梨黄水晶,10mm,2,20.00,CNY,,pending,,,来源详情页显示值；不推断为整串成本。
zhulegezhu-design-square-20260714-duobaxingqiu,珠了个珠,#小程序://珠了个珠/j4zsMN0DmoU7ZZu,2026-07-14,verified-public,6,海纹石,10mm,2,69.00,CNY,,pending,,,来源详情页显示值；不推断为整串成本。
zhulegezhu-design-square-20260714-duobaxingqiu,珠了个珠,#小程序://珠了个珠/j4zsMN0DmoU7ZZu,2026-07-14,verified-public,7,紫锂辉,10mm,2,16.00,CNY,,pending,,,来源详情页显示值；不推断为整串成本。
zhulegezhu-design-square-20260714-duobaxingqiu,珠了个珠,#小程序://珠了个珠/j4zsMN0DmoU7ZZu,2026-07-14,verified-public,8,星星,10mm,1,8.00,CNY,,pending,,,来源详情页显示值；不推断为整串成本。
zhulegezhu-design-square-20260714-duobaxingqiu,珠了个珠,#小程序://珠了个珠/j4zsMN0DmoU7ZZu,2026-07-14,verified-public,9,白幽灵,10mm,2,10.00,CNY,,pending,,,来源详情页显示值；不推断为整串成本。
zhulegezhu-design-square-20260714-duobaxingqiu,珠了个珠,#小程序://珠了个珠/j4zsMN0DmoU7ZZu,2026-07-14,verified-public,10,蔷薇石,10mm,2,20.00,CNY,,pending,,,来源详情页显示值；不推断为整串成本。
